{
  "TASK-005": 0.08223159362373768,
  "TASK-013": 0.0727418222521147,
  "TASK-015": 0.07024296367572769,
  "TASK-007": 0.06410136823553092,
  "TASK-014": 0.0637920792565282,
  "TASK-016": 0.06311949846091913,
  "TASK-008": 0.061960892126877214,
  "TASK-019": 0.06111648412071107,
  "TASK-011": 0.05516144393769054,
  "TASK-017": 0.0544004948623664,
  "TASK-001": 0.05432194528039746,
  "TASK-010": 0.05066448036996853,
  "TASK-004": 0.04819016853794681,
  "TASK-018": 0.039441708846155735,
  "TASK-009": 0.03849420451365535,
  "TASK-003": 0.03496929202279902,
  "TASK-006": 0.03082580157393725,
  "TASK-012": 0.027678908946306452,
  "TASK-002": 0.02654484935662983
}